{"inputUnits":[63],"outputUnits":4,"inputs":{"0":{"dtype":"number","min":0.39440983533859253,"max":0.9546183347702026},"1":{"dtype":"number","min":0.22260525822639465,"max":0.9336551427841187},"2":{"dtype":"number","min":-4.804660989066178e-7,"max":2.465503428084048e-7},"3":{"dtype":"number","min":0.457322359085083,"max":0.8958578109741211},"4":{"dtype":"number","min":0.3191784918308258,"max":0.8675332069396973},"5":{"dtype":"number","min":-0.03621218353509903,"max":0.04879748821258545},"6":{"dtype":"number","min":0.5188627243041992,"max":0.8452565670013428},"7":{"dtype":"number","min":0.42853546142578125,"max":0.8665295243263245},"8":{"dtype":"number","min":-0.06823674589395523,"max":0.0614854171872139},"9":{"dtype":"number","min":0.5459028482437134,"max":0.8061835765838623},"10":{"dtype":"number","min":0.446364164352417,"max":0.8651358485221863},"11":{"dtype":"number","min":-0.10050289332866669,"max":0.06381883472204208},"12":{"dtype":"number","min":0.536022961139679,"max":0.7938925623893738},"13":{"dtype":"number","min":0.4018755555152893,"max":0.8484960794448853},"14":{"dtype":"number","min":-0.13325224816799164,"max":0.06265212595462799},"15":{"dtype":"number","min":0.5868855118751526,"max":0.7773846387863159},"16":{"dtype":"number","min":0.39572542905807495,"max":0.7797951102256775},"17":{"dtype":"number","min":-0.05808015912771225,"max":0.01906106248497963},"18":{"dtype":"number","min":0.5623144507408142,"max":0.8224064707756042},"19":{"dtype":"number","min":0.30230849981307983,"max":0.7753920555114746},"20":{"dtype":"number","min":-0.09819433093070984,"max":0.03158856928348541},"21":{"dtype":"number","min":0.4928484857082367,"max":0.866141676902771},"22":{"dtype":"number","min":0.2330615371465683,"max":0.8450002670288086},"23":{"dtype":"number","min":-0.12670236825942993,"max":0.0420597605407238},"24":{"dtype":"number","min":0.4403306841850281,"max":0.9039182662963867},"25":{"dtype":"number","min":0.17283982038497925,"max":0.9209706783294678},"26":{"dtype":"number","min":-0.14699622988700867,"max":0.04637657105922699},"27":{"dtype":"number","min":0.5469185709953308,"max":0.8326185941696167},"28":{"dtype":"number","min":0.3993188142776489,"max":0.8107721209526062},"29":{"dtype":"number","min":-0.0706692710518837,"max":-0.006449698004871607},"30":{"dtype":"number","min":0.5252086520195007,"max":0.8246743083000183},"31":{"dtype":"number","min":0.3788965940475464,"max":0.8098860383033752},"32":{"dtype":"number","min":-0.1284203678369522,"max":0.013256699778139591},"33":{"dtype":"number","min":0.5154082775115967,"max":0.8126270174980164},"34":{"dtype":"number","min":0.4495733678340912,"max":0.8407626152038574},"35":{"dtype":"number","min":-0.14431186020374298,"max":0.029211407527327538},"36":{"dtype":"number","min":0.517005443572998,"max":0.8642835021018982},"37":{"dtype":"number","min":0.4727363884449005,"max":0.8425699472427368},"38":{"dtype":"number","min":-0.14087586104869843,"max":0.0357012115418911},"39":{"dtype":"number","min":0.5018455386161804,"max":0.882445216178894},"40":{"dtype":"number","min":0.42368805408477783,"max":0.8703489899635315},"41":{"dtype":"number","min":-0.08897993713617325,"max":-0.014352553524076939},"42":{"dtype":"number","min":0.4764793813228607,"max":0.8561252951622009},"43":{"dtype":"number","min":0.44568315148353577,"max":0.8681867718696594},"44":{"dtype":"number","min":-0.1317489892244339,"max":0.0052319481037557125},"45":{"dtype":"number","min":0.47504889965057373,"max":0.8663363456726074},"46":{"dtype":"number","min":0.4748142957687378,"max":0.8744379281997681},"47":{"dtype":"number","min":-0.12369587272405624,"max":0.024646669626235962},"48":{"dtype":"number","min":0.4868035912513733,"max":0.8984352946281433},"49":{"dtype":"number","min":0.4435718059539795,"max":0.8792107701301575},"50":{"dtype":"number","min":-0.10426101833581924,"max":0.027242591604590416},"51":{"dtype":"number","min":0.46740663051605225,"max":0.9278084635734558},"52":{"dtype":"number","min":0.3853623867034912,"max":0.9505851864814758},"53":{"dtype":"number","min":-0.10798343271017075,"max":-0.01917882077395916},"54":{"dtype":"number","min":0.4424864947795868,"max":0.8990768194198608},"55":{"dtype":"number","min":0.4612452983856201,"max":0.9298911094665527},"56":{"dtype":"number","min":-0.12444749474525452,"max":-0.005512686911970377},"57":{"dtype":"number","min":0.44429653882980347,"max":0.9019244313240051},"58":{"dtype":"number","min":0.430518239736557,"max":0.9327805042266846},"59":{"dtype":"number","min":-0.11521326005458832,"max":0.018536044284701347},"60":{"dtype":"number","min":0.454616904258728,"max":0.9209464192390442},"61":{"dtype":"number","min":0.4019553065299988,"max":0.9353671669960022},"62":{"dtype":"number","min":-0.0983017161488533,"max":0.029561420902609825}},"outputs":{"label":{"dtype":"string","min":0,"max":1,"uniqueValues":["FingerUp","FingerDown","FingerRight","FingerLeft"],"legend":{"FingerUp":[1,0,0,0],"FingerDown":[0,1,0,0],"FingerRight":[0,0,1,0],"FingerLeft":[0,0,0,1]}}},"isNormalized":true}